,1800,1820,1840,1860,1880,1900,1920,1940,1960,1980,2000,2020
Afghanistan,3280146.75,3423867.1,3747746.7,4134343.55,4567195.05,5780482.5,7184742.35,8758858.6,11056915.25,14961812.35,29305568.0,39381884.5
Africa,82370494.45,91337651.4,110119574.1,121877979.5,133955497.6,143847402.6,169471275.1,229314766.85,364041215.7,625990934.5,1038877703.5,1357042291.5
Albania,417307.25,456203.0,505268.55,604385.75,732717.85,880918.45,1010799.05,1291414.95,2127672.95,2883536.2,3127610.55,3283233.5
Algeria,2588597.95,2735414.65,2891187.8,3450303.55,4204257.9,5285890.4,6481914.25,8946966.7,14455544.5,25242122.85,36218201.7,44233834.5
American Samoa,9225.2,23713.4,39639.2,55752.75,59112.142857142855,,,,,,,
Andorra,2654.2,2840.8,3268.2,3753.5,4309.15,4931.05,5456.65,7460.65,23961.5,52672.35,77291.8,84457.5
Angola,1567258.6,1808013.65,2382189.6,2814338.25,2972697.95,3128916.2,3376724.05,4550267.7,6301852.7,11804960.2,23363007.5,33399939.0
Anguilla,4014.0,6375.35,7910.85,12197.9,14719.857142857143,,,,,,,
Antigua and Barbuda,30409.05,33571.45,35214.6,36392.15,36993.1,37000.0,37306.3,46226.75,60058.75,65723.6,87009.5,98328.0
Argentina,467967.1,635228.8,1048430.6,1794434.15,3382003.4,6612416.5,11445637.45,16988176.0,23828494.2,32290393.5,40765294.4,45400800.0
Armenia,413363.95,451610.2,541655.8,647618.0,773830.35,924655.25,1108091.05,1412123.85,2467351.35,2958511.4,3254101.5,3537318.5
Aruba,15213.4,55458.6,63161.9,95895.15,105811.71428571429,,,,,,,
Asia,709291554.95,784622930.05,814313474.75,825795789.3,892990194.15,1016201208.7,1189750151.65,1442970724.1,2128010367.2,3181171521.25,4180377285.9,4659146208.5
Australia,257967.65,350675.55,693723.0,1727695.95,2955089.45,4351812.15,6184988.95,8279113.2,12467722.0,16739591.45,21956238.95,25644049.0
Austria,3171741.85,3530884.4,3949035.85,4536439.9,5400474.9,6387321.15,6649833.2,6890360.05,7433539.25,7784850.85,8444522.45,9024736.0
Azerbaijan,880040.75,961465.95,1153886.75,1385877.35,1664633.95,1999449.85,2400745.4,3029109.55,5064433.55,7158673.8,9029129.45,10181259.5
Bahamas,27350.2,27555.3,29583.25,40032.1,50834.9,58967.95,65764.55,82527.05,162144.55,254175.65,347588.15,395081.0
Bahrain,64340.6,64474.0,64474.0,65197.9,71854.85,87526.7,116718.85,125792.05,225984.75,488695.8,1143073.3,1724939.0
Bangladesh,19573805.25,20834684.0,22534038.65,23525108.3,25068384.95,26641693.75,29479580.65,38935104.8,62508920.1,101954948.1,146416175.8,165496438.5
Barbados,81743.0,96574.25,133741.0,158940.95,167865.15,177725.1,189001.2,212726.25,239968.0,260791.8,280477.05,287539.5
Belarus,2355297.1,2573219.45,3088545.1,3712480.3,4463316.6,5365929.95,6445061.9,7588558.3,8839663.75,9481136.4,9946858.65,10157561.5
Belgium,3336779.45,3736096.2,4410521.45,5094356.45,6074768.45,7280702.55,7980305.9,8665374.85,9578419.2,10033987.05,10893226.0,11610975.0
Belize,25507.05,25582.7,25773.45,26179.45,31811.8,41440.55,52761.2,71515.15,118565.35,185720.85,318732.5,401268.0
Benin,636605.3,682742.8,786022.95,921546.85,1098928.45,1295652.1,1635372.55,2180159.35,2932154.0,5024225.3,9169717.45,12287114.5
Bermuda,44607.35,57211.25,63258.2,65732.83333333333,,,,,,,,
Bhutan,203182.5,254732.75,259035.6,272915.15,295436.1,319515.4,346647.7,377711.95,392432.25,502436.1,681780.25,775756.0
Bolivia,984390.2,1168756.15,1284763.4,1405057.25,1555583.95,2031574.5,2630600.35,3157454.0,4482976.85,6841045.15,9967870.05,11752982.5
Bonaire Sint Eustatius and Saba,8321.85,11403.7,14939.3,24391.916666666668,,,,,,,,
Bosnia and Herzegovina,851858.5,903793.9,1021407.65,1180983.1,1544332.9,1932762.1,2267221.3,2722460.0,3441083.25,3761168.05,4193382.95,4508640.5
Botswana,102917.0,108688.8,114825.4,123747.75,148668.65,192782.1,276911.3,413668.05,645111.05,1255444.25,1956943.05,2374432.5
Brazil,3356609.0,5256118.25,7199421.3,9869255.95,14406157.5,22289472.85,33714592.3,54292961.75,94246752.1,147198270.95,194149200.3,213276425.0
British Virgin Islands,8223.05,12216.25,21076.95,29264.083333333332,,,,,,,,
Brunei,2277.0,2806.5,4199.75,6620.6,12238.2,22088.55,32272.8,53193.85,129791.85,257399.6,386166.1,439507.5
Bulgaria,2211333.7,2291661.5,2479078.1,2663429.7,3438192.8,4496876.3,5899577.8,7019655.75,7575435.85,8218635.05,8812493.8,8973954.0
Burkina Faso,1665479.95,1722896.85,1847006.65,1977928.7,2183918.3,2588279.95,3229552.15,4220596.2,5636052.65,8824004.45,15590252.3,21200187.5
Burundi,899232.85,1041431.85,1369412.2,1491972.45,1567869.5,1658758.0,1763360.25,2308463.35,3398714.5,5303556.2,8672684.55,12073105.0
Cambodia,2090047.3,2135732.95,2234133.85,2361409.0,2669001.35,2875453.0,2994856.05,4317122.3,6671641.85,9148138.75,14274893.05,16832708.5
Cameroon,1860302.0,2116970.85,2691697.5,2893044.4,3028349.2,3192337.05,3363671.0,4301601.4,6559126.25,11692692.6,20298315.25,26885063.0
Canada,637596.1,1179439.85,2442470.15,3767870.65,4814822.7,6886313.5,10014753.9,13951921.95,21148833.2,27330445.75,33943150.15,37905035.0
Cape Verde,55721.9,61734.2,76700.2,99106.2,128603.45,155101.05,172828.45,198371.35,251329.3,344046.35,490100.0,558944.5
Cayman Islands,7545.4,15789.9,40394.45,61941.416666666664,,,,,,,,
Central African Republic,479551.2,597068.0,863242.65,931485.0,955134.95,989278.65,1039133.3,1307575.75,1793707.9,2834740.2,4258172.3,4874875.5
Chad,1494128.65,1629737.7,1708701.6,1768219.75,1814515.8,1862272.45,1952705.3,2502826.5,3658374.35,6008233.4,11918648.95,16670422.0
Channel Islands,109912.9,129380.75,147927.9,166895.25,,,,,,,,
Chile,771621.8,957799.65,1404365.6,1981539.6,2713185.15,3544628.65,4634038.25,6606401.45,9703739.65,13223989.7,17021318.7,19164285.5
China,346888059.8,367398880.9,380256996.55,397134433.8,410147612.85,430878460.3,493249121.55,569911806.45,818214232.05,1152941178.75,1364477058.9,1441769938.0
Colombia,1206410.9,1602106.8,2151334.2,2606495.2,3412974.95,5047424.3,7917602.0,12082322.7,21157522.35,32863129.25,44897135.1,51074362.5
Comoros,56347.2,57487.45,60601.55,68499.35,78388.2,103647.95,136989.1,163180.75,232438.9,410648.45,687475.25,879025.5
Congo,314515.6,367807.85,486609.0,526985.95,557202.8,595200.05,633009.3,827454.35,1332500.4,2355271.3,4204259.6,5587554.5
Cook Islands,16893.15,17975.6,18758.15,20456.25,,,,,,,,
Costa Rica,57616.7,77260.5,103547.4,145734.1,249737.6,384736.55,547885.4,944631.0,1820716.95,3104162.75,4534302.35,5116583.5
Cote d'Ivoire,1048848.85,1077762.05,1089976.65,1190118.0,1360118.6,1535246.85,1882970.85,2671225.65,5240996.55,11855627.35,20608540.75,26715952.0
Croatia,1227994.1,1336744.2,1592682.0,1900601.2,2268535.1,2707652.9,3228430.7,3838806.2,4247217.9,4417704.45,4648595.45,4778499.5
Cuba,486544.45,888438.9,1182472.35,1402630.55,1631176.85,2278133.2,3851899.1,5848458.1,8594244.5,10487343.5,11257733.85,11338700.5
Curacao,122010.75,139958.95,148746.55,159223.41666666666,,,,,,,,
Cyprus,184582.15,184983.4,185364.05,185625.4,208425.35,270947.0,358601.1,497717.75,615587.35,777299.2,1088419.55,1211474.5
Czechia,5516553.55,5916065.4,6802258.75,7692808.55,8634876.3,9355106.7,9822261.75,10155771.3,10322500.75,10467652.15,10812716.35,11144500.0
Democratic Republic of Congo,5164626.0,6011973.05,7860839.75,8336221.1,8781839.7,9341424.15,9792963.1,12275366.2,19963962.3,35124782.0,64766748.45,90969695.0
Denmark,1071827.2,1258792.1,1503307.4,1877878.75,2296011.6,2875856.05,3528120.9,4226164.2,4890780.15,5173444.0,5546461.0,5802752.5
Djibouti,22852.4,27562.3,38363.3,40410.1,41145.45,43212.35,48437.5,63067.9,171623.05,537530.8,840995.95,995099.5
Dominica,19951.0,20911.75,23386.05,26433.1,27671.45,32912.85,41922.35,51724.35,67457.85,70930.85,72713.25,75316.0
Dominican Republic,98848.1,120757.55,152524.55,241986.6,401097.95,683136.15,1243715.85,2362386.5,4452921.6,7072399.75,9626027.65,10900809.0
Ecuador,500082.3,586960.35,802770.55,1018958.95,1276163.65,1639022.25,2079080.5,3431755.2,6049533.3,10151602.65,14926607.65,17765767.0
Egypt,3819139.3,4326444.1,5461205.6,6798109.95,8461449.6,10938968.25,13797525.05,20411558.65,34165874.15,55286609.05,83177681.25,103296365.0
El Salvador,204155.2,281292.8,368093.2,518284.4,743847.9,1050656.8,1581976.5,2205096.05,3631371.3,5239984.95,6172947.9,6502350.5
Equatorial Guinea,80385.05,88533.3,107014.1,118357.15,124704.05,132616.8,139956.9,209834.85,267201.0,419162.15,944453.65,1426438.0
Eritrea,205095.75,311905.4,557326.0,585405.7,614611.45,647714.05,682113.95,825487.6,1313045.95,2104198.95,3035133.45,3573944.5
Estonia,334176.4,375681.4,477561.85,606983.05,771403.45,980906.25,1109997.95,1137879.1,1300626.2,1373195.35,1486008.65,1567606.5
Eswatini,68540.75,73369.65,78596.75,84324.95,98380.9,127616.8,183330.85,273092.6,434176.2,801838.5,1066458.75,1166266.5
Ethiopia,12101647.25,13938377.35,17464781.65,17888877.0,17964028.65,18116557.85,18267208.5,19114002.85,28311355.2,48174634.5,87536266.6,116419904.5
Europe,205977573.95,242874226.3,279474996.2,319865555.65,373636311.95,435833210.7,488858732.0,555327124.6,653227683.9,716388253.0,736990952.25,748903194.0
Faeroe Islands,15874.85,36610.45,44516.85,47473.0,48520.857142857145,,,,,,,
Falkland Islands,1806.45,2009.25,2215.65,2837.35,3227.5714285714284,,,,,,,
Fiji,121278.05,128236.35,132074.4,134706.4,137343.2,142854.9,198271.95,300717.35,512713.1,731416.45,848555.45,899671.5
Finland,963816.35,1325721.15,1599985.05,1813994.75,2335070.95,2891465.2,3411637.45,4020578.2,4620422.1,4994335.8,5359145.0,5544539.5
France,30055811.45,33089082.95,36134530.25,38032661.05,38987076.95,39829996.3,40380955.75,42139488.15,50319870.25,56402888.4,62511959.5,65349844.5
French Guiana,15807.9,39487.6,89211.45,196275.9,283273.0,,,,,,,
French Polynesia,79984.7,151930.2,236291.55,274115.8333333333,,,,,,,,
Gabon,158260.65,194868.0,285490.85,324787.6,342205.6,363911.95,383930.9,460781.7,588987.5,946028.45,1645034.65,2252278.5
Gambia,103276.8,106006.2,112930.95,128237.0,153039.4,178272.0,220309.15,302536.1,469583.3,935254.9,1792193.9,2451800.5
Georgia,1072276.4,1171488.15,1405775.95,1686968.8,2024301.5,2429096.25,2915571.2,3524352.35,4070382.15,4508410.4,5103792.0,5411191.5
Germany,21095737.45,27842553.35,33547554.75,39510262.35,48490929.75,60856222.45,66284696.2,70950252.5,76958062.25,79603091.05,81728176.15,83842208.0
Ghana,1991962.15,2011086.9,2024383.15,2182454.75,2489823.0,2908813.7,3615249.75,5109168.55,8709636.5,14708942.85,24591534.95,31402536.5
Gibraltar,24221.2,29107.7,31437.85,33689.333333333336,,,,,,,,
Greece,2279493.55,2526795.6,3035505.7,3665459.4,4494100.0,5352189.3,6438983.15,7722576.75,8730662.3,10184393.6,10932464.9,11229896.5
Greenland,13624.5,37705.85,52782.4,56349.8,56884.142857142855,,,,,,,
Grenada,29410.15,30514.1,32379.25,37149.3,51779.65,65082.75,74521.35,84369.2,92240.3,98441.3,106790.75,112767.0
Guadeloupe,178285.45,293170.45,356531.45,402776.3,417241.5714285714,,,,,,,
Guam,68265.0,104024.7,150618.8,163471.08333333334,,,,,,,,
Guatemala,525738.3,646648.25,834728.65,1092886.2,1342230.2,1500488.1,1901683.15,3116398.35,5585668.7,9226803.6,14527342.5,18082717.5
Guinea,983973.6,998001.45,1041799.65,1198794.3,1426784.1,1686307.0,2170059.1,2975286.65,4119528.35,6319194.5,10214659.25,13315014.5
Guinea-Bissau,212487.25,216367.5,218169.15,231341.1,268919.75,314229.9,389521.6,530517.15,700506.35,969912.45,1525942.35,1991744.0
Guyana,112524.35,140513.05,164656.85,192444.9,267487.6,288911.7,300623.3,418889.6,686657.85,750029.5,771022.2,788444.0
Haiti,599143.7,785896.75,939874.55,1158566.8,1435195.05,1867502.25,2498796.15,3250958.05,4646482.35,6970945.5,9870417.95,11472108.0
Honduras,132400.6,185956.45,317287.6,372713.2,432673.65,647547.95,996600.9,1560474.15,2722000.0,4939121.95,8200889.05,9983801.0
Hong Kong,20136.75,23833.25,41051.45,114517.85,221350.7,447139.95,896617.25,2068981.55,3823922.05,5669936.2,6972362.8,7524894.0
Hungary,3657566.25,4447088.05,5140575.45,5878116.2,6619783.0,7542998.9,8564797.5,9449732.15,9930954.6,10245369.45,10521930.55,10750387.5
Iceland,58067.9,60671.05,62217.8,69434.6,72705.55,87049.8,108077.8,143243.7,202999.65,253321.85,312618.1,342305.0
India,204698961.9,217264475.5,235371179.65,253848194.6,279621999.65,306389427.95,347971323.3,398192970.15,556102453.6,865662699.3,1219996989.9,1386706709.0
Indonesia,16555299.6,18453727.25,21907366.7,26966423.55,33659689.8,42544501.25,53501902.85,70887337.65,114227312.65,179157345.5,240709424.65,274942704.5
Iran,6261910.65,6846567.5,7517955.65,8432255.3,9265454.8,10359275.45,12768423.0,17631956.55,28608445.55,53715807.7,73722991.4,84510856.5
Iraq,1043498.55,1140859.85,1248690.55,1563292.35,1939599.65,2889196.85,3886493.55,5618142.9,9932129.7,17648000.6,30582097.9,40700927.0
Ireland,2844298.9,2913292.7,3238507.55,3628160.05,4240934.05,4472594.95,4805080.05,5334142.9,5910435.85,6887142.4,7853840.45,8247489.5
Isle of Man,51494.7,62187.95,76362.25,84363.33333333333,,,,,,,,
Israel,209954.0,209954.0,213799.65,259393.65,312121.1,397935.15,595222.0,1330248.75,2830384.4,4583639.95,7219434.9,8722658.5
Italy,19553511.1,21462483.1,24389819.65,27663387.0,31334670.95,35594987.0,40197101.5,46586112.05,53221912.5,56874703.45,59133074.95,60668381.0
Jamaica,343993.0,386249.15,407091.65,502526.4,644912.0,801625.35,1021695.6,1411009.0,1874478.7,2413279.05,2805533.4,2967311.5
Japan,29398759.35,31308879.6,32167082.15,34517859.9,39808668.9,48927134.55,63099544.65,82562904.35,104774881.0,123590214.3,127918504.55,128548772.5
Jordan,207914.95,226283.75,252177.65,260114.25,265361.1,274862.05,290529.9,516515.6,1614386.1,3631360.75,7362985.75,10236081.0
Kazakhstan,2041469.3,2230354.9,2674858.7,3196367.05,3816855.15,4557863.65,5460758.9,7077235.15,12727764.35,15304569.5,16795890.2,18885832.5
Kenya,2707889.0,3009965.7,3350412.2,3701012.35,3880477.6,4114948.15,4476236.55,6201946.55,11423425.6,23477392.05,41772129.85,54378501.0
Kiribati,17876.85,18724.6,20600.6,22562.65,24690.25,27018.5,29681.8,34124.75,50299.7,70800.25,101106.55,120417.0
Kuwait,81280.0,81280.0,81326.85,82833.3,92312.15,105182.8,123978.1,163361.2,732378.7,1766272.4,3012086.3,4299558.0
Kyrgyzstan,530391.65,579465.8,695202.4,832933.7,997659.3,1194977.55,1433324.0,1770845.95,2894025.1,4268715.15,5499101.95,6576269.0
Laos,470044.75,515283.25,620710.85,757385.75,912392.85,1059351.35,1257704.45,1643347.2,2673659.3,4216397.65,6209831.95,7327457.0
Latvia,590684.8,692844.25,958219.65,1322736.7,1764179.35,1898430.1,1944360.4,2076995.95,2245620.3,2404307.5,2550471.65,2664195.0
Lebanon,314941.75,355876.15,410618.65,464738.3,483778.45,620379.5,912547.1,1360063.15,2276017.25,3007312.5,5315253.4,6857558.5
Lesotho,188772.55,211591.35,237438.9,265751.45,276989.25,332608.4,476007.3,699456.95,1035398.7,1687237.4,2033081.6,2150659.5
Liberia,313547.0,318721.85,333768.3,381774.2,453360.45,537773.85,670269.45,923738.95,1410784.3,2122881.2,3829047.0,5118942.5
Libya,231790.1,244909.15,272927.75,335295.3,436905.15,590697.55,757316.6,1110242.6,2159449.75,4337702.15,6093820.5,6914912.5
Liechtenstein,5802.4,6214.45,7164.45,8280.45,9574.15,11111.35,12285.05,14004.35,20901.8,28938.3,35863.1,38195.5
Lithuania,778770.1,898959.15,1205058.8,1617439.4,2139078.05,2401505.8,2512831.0,2691922.5,2925027.0,3276058.8,3571244.75,3696743.0
Luxembourg,127067.55,159910.0,191272.25,202165.4,215889.25,254505.95,289359.85,302019.45,339709.55,387073.35,510625.1,630395.0
Macao,194098.2,261743.25,429253.75,603164.1666666666,,,,,,,,
Madagascar,1585356.7,1947018.85,2503423.9,2651999.4,2732997.05,2835322.65,3037742.95,4101813.85,6599067.45,11644683.55,21040753.85,28059176.0
Malawi,910759.6,1399026.0,1875892.95,2019347.0,2118413.9,2140607.2,2219908.55,2962861.2,4721283.2,8670251.6,14540661.75,19388818.0
Malaysia,287059.3,351335.1,527531.55,813548.45,1535920.15,2701138.8,4140967.35,6251545.9,10718154.9,17899499.05,27769300.25,32571096.5
Maldives,42380.5,44854.0,50302.9,55366.8,60701.1,65035.3,71000.65,78453.75,117720.55,218281.75,381024.05,542081.0
Mali,1403429.95,1434320.15,1521060.5,1758961.15,2108538.15,2687235.85,3470802.05,4622122.6,5990493.55,8607394.6,14954599.45,20553279.0
Malta,134080.0,141986.6,159919.35,180381.6,203506.2,225314.25,244613.95,301391.65,321262.25,360346.4,416480.55,442164.5
Marshall Islands,5829.35,7322.75,11496.2,14585.9,18288.65,23769.6,30824.55,40392.7,49695.7,55965.25,65416.35,76871.0
Martinique,179431.55,299423.05,342048.15,381095.55,396869.4285714286,,,,,,,
Mauritania,295391.95,309837.6,329095.75,353595.5,379224.65,388648.8,469209.75,660753.15,1145402.65,2023602.45,3495229.9,4712385.0
Mauritius,74708.9,96473.7,190320.55,334600.95,370516.4,375686.4,399402.6,508378.25,814209.15,1063840.35,1238038.65,1272597.5
Mayotte,4259.75,30192.15,74252.7,176691.2,259633.14285714287,,,,,,,
Mexico,5770967.95,6587800.05,7739709.25,9317820.6,11643408.9,14346094.05,16943076.75,27731930.2,51201678.2,82975255.55,113223693.85,129597486.5
Micronesia (country),16416.8,17195.25,18948.4,21002.95,23303.0,25851.65,28546.9,34072.75,58059.2,93098.65,108167.0,115638.0
Moldova,712623.4,778558.4,934048.05,1118997.25,1340155.75,1605045.8,1925108.2,2407618.0,3548489.8,4075563.4,4259769.6,4375928.5
Monaco,7789.95,8758.1,11166.65,14485.2,18474.55,21239.65,23358.9,24392.15,26116.25,29481.2,35542.6,39382.0
Mongolia,608976.3,628049.8,647282.65,665789.85,684947.9,715149.3,743796.0,807222.65,1276834.7,2096442.15,2745551.8,3303787.0
Montenegro,126601.9,147531.3,201383.85,274092.95,367652.8,416552.3,450185.1,485021.3,534484.85,610102.85,623108.85,628056.5
Montserrat,4854.6,9164.3,11375.4,12353.1,14183.57142857143,,,,,,,
Morocco,2588600.7,2738115.55,2899831.0,3466250.05,4230226.65,5326748.95,6535730.75,9307394.1,15845987.1,24467729.5,32365492.75,37127672.5
Mozambique,2045762.25,2754108.3,3835355.65,4167193.95,4452165.95,4579545.8,4731885.2,5939952.2,9034588.65,13803579.25,23508497.2,31709240.0
Myanmar,3627422.2,3818729.5,3992642.5,4421570.85,6942205.65,10776402.9,13300710.95,17861810.35,27189930.3,40631959.95,50520672.45,54607904.0
Namibia,125043.4,140843.4,158806.85,179051.5,202588.8,242583.45,346052.35,513682.4,820574.45,1402151.8,2114643.3,2564130.0
Nauru,1834.0,1849.25,1880.95,1909.5,1937.7,1967.25,2684.1,3470.45,6336.95,9151.8,10400.0,10853.5
Nepal,3924239.95,4045362.65,4339429.45,4653026.45,5030927.9,5337953.65,5421686.4,7998131.55,12115960.1,18973893.4,26436993.75,29405864.0
Netherlands,2097870.7,2604735.65,3087120.25,3617612.15,4512761.55,5870163.1,7757381.25,10003875.5,12873408.9,14950301.45,16604898.2,17153983.5
Netherlands Antilles,83172.35,305047.77777777775,,,,,,,,,,
New Caledonia,53996.65,91571.1,156665.4,233081.85,279837.4285714286,,,,,,,
New Zealand,81804.75,102229.5,141377.1,296595.8,652323.45,1016041.3,1446937.25,1930829.55,2806025.45,3440190.2,4341682.75,4841437.5
Nicaragua,186029.9,217486.25,293291.5,358794.35,468549.0,637948.9,825813.95,1302858.25,2409143.55,4138461.85,5794220.3,6663466.5
Niger,854517.1,899473.55,993089.0,1094052.4,1231830.05,1475349.75,1870891.55,2617421.35,4501951.7,8115906.25,16592978.2,24668723.0
Nigeria,12101313.95,12543935.6,13572033.35,15169125.95,17501139.65,20921885.5,27070486.5,37571661.85,56370574.05,94820332.7,158367497.55,208770145.5
Niue,1643.05,2348.85,4281.65,5054.916666666667,,,,,,,,
North America,16996690.0,25083613.1,39053917.75,60272715.15,88903702.25,126986934.25,169011309.4,226428503.7,323380933.95,425453019.8,538396405.55,594321801.0
North Korea,4345032.6,4376236.6,4459998.3,4679343.75,5024163.05,5599544.5,7591007.65,10027729.6,14270784.25,20176550.9,24435488.65,25832930.0
North Macedonia,391899.5,426605.8,508598.95,609655.15,731405.2,877381.6,1048077.85,1284239.3,1694723.9,1983382.8,2067062.95,2083419.0
Northern Mariana Islands,9560.4,21474.15,51507.85,57352.833333333336,,,,,,,,
Norway,908393.6,1106695.25,1394878.15,1736797.05,2027112.85,2396833.7,2796059.3,3258063.15,3849718.6,4253541.7,4894651.2,5443435.5
Oceania,1495229.25,1554480.2,1943951.65,3288981.05,5017517.7,6847766.1,9035265.2,12844279.8,19574662.25,27076445.6,36573669.55,42948881.5
Oman,308464.0,326824.55,345206.2,358378.05,370763.65,404737.3,429867.45,469696.1,750767.55,1783155.45,3295268.55,5164999.0
Pakistan,13376180.6,14090142.45,15017154.85,15901358.45,17348459.7,19393726.25,25869188.2,37127082.5,58371708.6,106734986.4,178165397.95,223046130.0
Palau,3875.2,4059.1,4470.5,4937.15,5454.65,6026.25,6644.35,7716.65,11558.8,15109.3,18494.6,19836.5
Palestine,165944.0,165944.0,170655.05,200475.0,252935.9,325507.1,480423.45,898643.2,1220180.8,2163562.9,4031896.4,5162086.0
Panama,81058.85,93699.15,112835.1,168816.2,224107.5,330676.7,525574.4,862161.75,1511190.35,2456071.25,3620538.2,4348175.5
Papua New Guinea,738236.45,755422.15,760189.9,795180.45,878162.3,964277.5,1056104.5,1826216.4,2792148.6,4587992.9,7245929.2,9033016.0
Paraguay,170122.15,235977.1,305431.65,361895.55,452393.25,590680.15,878084.55,1462112.35,2459427.7,4176967.5,6203791.95,7176085.5
Peru,1292748.65,1523782.05,2529329.55,2899163.45,3363034.15,4170028.35,5539534.9,7914148.15,13411931.8,21821642.65,29100840.6,33165630.0
Philippines,2105916.9,2621009.35,3595818.0,4855327.35,6043675.55,7852635.45,11587240.05,19059086.55,35634146.55,61354017.45,93279052.9,110313997.5
Poland,9660193.15,11191196.3,13135372.1,16788788.05,22048510.4,24601954.3,25956497.5,28276163.7,32496931.25,37409536.75,38380249.65,38566029.5
Portugal,3001598.55,3484204.0,3825991.45,4297570.8,4991086.45,5774465.45,6761787.45,8283144.4,8984881.65,9969775.4,10403258.75,10600060.5
Puerto Rico,1130086.5,2469679.9,3094083.7,3529936.1,3657521.5714285714,,,,,,,
Qatar,14013.8,14091.6,14092.0,14201.55,15507.45,17390.05,20375.7,28922.35,114546.8,432819.4,1696213.05,2905792.0
Reunion,173997.75,389769.0,558746.45,777732.85,882528.4285714285,,,,,,,
Romania,5911379.45,6867326.0,7963072.6,9110598.5,10278920.15,11623513.65,13883619.4,16634973.2,19536347.4,21294974.55,22906481.3,23477784.5
Russia,31411303.15,34399432.55,41154456.85,49336180.55,59123028.7,70881161.4,85097497.2,104020551.1,129464065.35,142879441.75,146583522.6,148361513.5
Rwanda,928520.8,1089800.4,1378133.45,1476775.5,1533382.95,1562454.2,1646147.8,2238895.85,3783979.2,6366281.8,10050973.3,13114363.0
Saint Barthlemy,2269.15,3119.05,7333.25,9657.333333333334,,,,,,,,
Saint Helena,5288.45,5643.05,6226.2,6719.166666666667,,,,,,,,
Saint Kitts and Nevis,17204.95,20338.6,28619.25,37218.25,39487.4,41570.5,43317.25,44767.75,46519.05,48184.55,50666.15,53369.0
Saint Lucia,24000.0,24000.0,24719.55,32588.8,44140.8,52062.7,62862.1,81793.9,102610.85,136136.45,171111.15,184015.0
Saint Martin (French part),3952.75,10434.4,31264.55,37386.166666666664,,,,,,,,
Saint Pierre and Miquelon,4474.0,5292.3,6006.6,6252.0,6406.857142857143,,,,,,,
Saint Vincent and the Grenadines,25782.3,27065.8,30040.15,35990.55,41682.25,44385.8,50485.75,68470.75,90285.0,105933.3,108760.05,111108.0
Samoa,34531.7,36919.35,40034.4,45109.9,47007.0,47167.2,54643.9,83494.3,137492.4,163975.8,185743.15,199277.0
San Marino,5492.45,5917.65,6898.3,8005.45,9282.25,11002.1,12846.45,14012.9,18610.55,24177.65,30993.35,33974.0
Sao Tome and Principe,22732.6,24336.65,28022.1,32271.5,37177.65,52459.35,58804.7,60756.0,74710.25,117524.55,177398.75,221262.5
Saudi Arabia,2042893.75,2126777.05,2160099.0,2185304.55,2209461.95,2247640.85,2573422.4,3236242.2,6060759.3,15526590.1,27316263.35,35077273.5
Senegal,949122.7,984268.05,1009238.65,1069917.55,1275774.3,1459314.35,1791091.8,2516613.5,4250519.65,7480915.25,12709073.4,16970119.0
Serbia,1942839.2,2006829.75,2076996.35,2139488.9,2234755.65,2966570.55,4448490.5,6605908.55,8128196.7,8941637.85,9472519.55,9872888.0
Seychelles,12522.45,12950.05,13930.7,15287.8,17399.8,24098.3,30026.95,36981.2,52522.35,72264.0,90775.1,98625.0
Sierra Leone,783555.55,792104.25,798530.85,882246.7,1026957.1,1195442.45,1479817.25,2006620.4,2754839.95,4067100.75,6291772.4,8059164.0
Singapore,30006.3,36860.05,55740.95,85977.4,156232.6,303162.95,563303.95,1070075.7,2040129.5,3073904.25,4938261.15,5873513.5
Sint Maarten (Dutch part),3228.3,14276.0,32088.6,39563.083333333336,,,,,,,,
Slovakia,2140730.4,2218109.15,2387031.0,2561052.8,2746159.15,2944688.75,3165841.7,3558324.8,4540855.85,5251288.3,5415478.45,5460184.5
Slovenia,469705.35,511302.1,609191.1,726911.85,867555.9,1035396.25,1234499.5,1464438.95,1680876.2,1957940.4,2037449.95,2078827.0
Solomon Islands,57004.15,63280.45,76751.4,82714.5,90428.0,100739.3,112644.55,124342.0,163866.45,310996.7,530221.65,695436.5
Somalia,995313.6,1135488.95,1423993.2,1477612.45,1507812.1,1586400.5,1779445.5,2276847.0,3614643.7,7170089.85,11977891.15,16126359.5
South Africa,1503524.5,1931094.75,2917452.45,3766537.65,4730368.35,6304865.15,9144085.4,13666013.8,22049460.95,36522705.15,51284313.55,59675343.0
South America,9934484.0,13134965.95,18796233.1,24020185.0,33809678.0,50381025.75,74603402.35,114484494.2,190478869.9,292365545.75,389660682.85,432509954.0
South Korea,9387058.45,9399937.25,9437594.15,9489022.25,9535056.55,9824137.6,12699365.8,19026891.25,31744050.8,42718662.2,49531580.2,51287183.5
South Sudan,1041716.05,1102857.1,1216590.35,1436034.95,1703652.9,2007630.2,2254436.6,2512750.0,3510201.6,5241327.6,8999085.95,11287553.0
Spain,11830961.45,13009755.15,14794001.05,16193558.95,17690049.9,19808342.0,23343540.45,27884718.9,33809901.45,39153752.1,45216015.1,47073650.5
Sri Lanka,1339599.05,1620278.0,2006462.95,2644016.6,3486329.35,4799965.75,5976344.55,7921763.25,12322066.75,17081183.55,20140381.0,21455278.0
Sudan,4049895.55,4287594.35,4643464.05,4783827.45,4861110.2,4915151.4,5207442.25,6027213.25,10352263.85,20250618.9,34537969.9,44379310.0
Suriname,80722.45,82131.4,85213.95,88837.25,92690.55,105305.6,158214.55,222611.9,342554.55,405792.85,526276.25,589216.0
Svalbard and Jan Mayen,1081.25,2406.1111111111113,,,,,,,,,,
Sweden,2464977.2,2846348.2,3447963.1,4161315.5,4801078.2,5458666.6,6118792.25,6947119.0,7956932.25,8575974.7,9385659.75,10129714.5
Switzerland,1859642.3,2095146.6,2363432.45,2650143.8,2984905.3,3619986.4,4012677.35,4665276.0,5999529.35,6679792.55,7807095.45,8685056.0
Syria,1290845.85,1380709.7,1475275.85,1565431.05,1659044.05,1937882.8,2549640.75,3510754.65,6377176.85,12333616.85,18281392.7,21284207.0
Taiwan,2002516.15,2065310.05,2195125.8,2321462.5,2520135.6,3198737.2,4504117.35,7678641.75,14503288.9,20182090.5,23048762.9,23835891.5
Tajikistan,466671.8,509850.35,611575.85,731805.9,875241.75,1046809.05,1254915.2,1604698.35,2901416.6,5105531.65,7567348.85,9643633.5
Tanzania,3009972.85,3671838.25,4758932.25,5017878.0,5306247.85,5371928.55,5667108.25,7778075.95,13597277.95,25224344.15,44478671.9,60616325.5
Thailand,3730117.2,4834874.05,5240779.45,5843284.1,6800448.9,8575358.7,12691868.05,20734826.3,36590102.8,55449222.1,66799851.4,69875411.0
Timor,137280.15,156060.4,202350.8,258231.4,308013.1,349372.3,406472.5,434303.1,558823.25,740092.85,1084608.9,1331158.5
Togo,446004.0,464567.5,508646.05,582223.35,687725.3,804190.6,1010407.25,1371356.55,2061222.45,3708360.85,6399936.95,8378489.0
Tokelau,1242.8,1538.9,1628.35,1859.1666666666667,,,,,,,,
Tonga,18510.25,18571.55,18665.0,19233.5,20015.95,23193.8,29828.95,47204.95,80423.0,94982.85,101621.95,106228.0
Trinidad and Tobago,35458.45,65725.5,82201.9,127793.15,218111.8,331779.45,424820.95,643217.75,952807.15,1202118.7,1328724.6,1401432.5
Tunisia,835106.0,945357.1,1116085.4,1367088.1,1683887.85,2139789.25,2634215.05,3606813.5,5069855.5,8109323.9,10615571.3,11877191.0
Turkey,9909973.95,10384313.35,11059442.45,11876631.35,13313378.45,14364233.55,15576748.95,21703328.5,34767197.35,53310787.25,72623985.3,84690901.5
Turkmenistan,367248.7,401228.3,481397.25,577049.1,691554.4,828790.65,994303.5,1249324.3,2179772.35,3669287.55,5128410.85,6074560.0
Turks and Caicos Islands,1454.15,5832.35,10083.3,26300.05,37636.857142857145,,,,,,,
Tuvalu,2499.1,2617.6,2881.55,3169.55,3486.0,3833.75,4219.75,4778.15,5835.7,8706.0,10484.45,11858.5
Uganda,2210640.35,2444135.45,2896363.45,3159377.3,3281175.6,3446897.1,3759879.65,5245276.1,9274783.6,17279014.5,32635149.1,46432266.5
Ukraine,11216519.2,12254320.25,14711369.95,17708972.9,21325906.0,25680660.45,30863940.1,37545002.2,44622848.1,47561404.0,50583587.45,51462187.0
United Arab Emirates,39873.2,40149.1,40153.0,40420.15,43974.45,49190.45,57580.45,71242.3,341383.85,1859649.8,7066159.65,9940741.5
United Kingdom,13533821.65,23863418.8,27447649.05,31507037.4,37712804.8,44596827.6,47154138.7,50324247.25,55001802.65,57173919.65,63015886.0,68046559.0
United States,7477431.85,13212754.35,23632068.85,40556163.45,64030721.8,94540074.9,125831430.9,158863000.0,208113574.85,251949731.35,306688827.7,331958860.5
United States Virgin Islands,20639.65,49773.45,100786.05,106220.4,108552.57142857143,,,,,,,
Uruguay,55016.3,73728.2,141445.0,335637.7,677960.6,1114712.85,1700872.85,2233241.95,2757383.65,3106685.1,3368305.85,3479439.5
Uzbekistan,1919335.1,2096920.35,2514825.3,3005083.4,3588370.45,4284939.35,5133732.8,6546377.25,11868425.45,20181862.6,28517787.15,33702482.0
Vanuatu,27793.75,30558.35,37020.15,43689.8,47352.8,51704.4,54892.3,58961.8,85885.05,146918.5,237283.3,310807.0
Vatican,711.7,777.95,814.25,903.05,905.0,905.0,906.05,908.05,910.0,911.8,912.0,912.0
Venezuela,775933.7,971261.0,1332253.4,1712479.95,2329372.8,2981259.35,3603215.4,5657926.75,11297178.25,19413423.65,27597593.55,30062400.0
Vietnam,5080357.2,6197515.85,6666807.1,9796806.65,11039400.4,16087901.5,18348027.0,24652797.15,42801445.55,67118400.4,87839544.5,97753706.0
Wallis and Futuna,8081.25,10582.35,13378.8,14671.5,,,,,,,,
Western Sahara,5371.6,50091.9,174453.2,398621.4,568089.7142857143,,,,,,,
World,1026066242.1,1158607651.5,1268485669.65,1350337683.55,1528312901.65,1780097548.1,2100730135.7,2581370990.4,3678716213.6,5268589392.4,6920746975.4,7834882227.5
Yemen,2593047.25,2638559.45,2733276.6,2811913.0,2889438.95,3186798.1,3825825.2,4669636.5,6247574.6,11959045.75,23017506.75,30158303.5
Zambia,866027.85,1172629.9,1461082.75,1559824.75,1597356.35,1611620.05,1708901.2,2354898.55,4208237.3,7926000.05,13710673.45,18652306.5
Zimbabwe,709435.05,801849.85,907073.4,1025558.7,1085748.85,1278960.6,1836432.45,2818677.45,5307601.6,10000536.15,12898329.65,14977549.0
